ID,Category,Subcategory,Name,Narrative,Cost ($M),Impact Magnitude,Round Introduced,Type,Guiding Principle,Is Risky,Duration Years,Ramp-Up Years,One-Time Benefit,Revenue Impact,COGS Impact,SG&A Impact,Recurring Benefit ($M),Risk Prevention,Vulnerable To
grow-1-1,Grow,Scale R&D for Next-Gen Portfolio,Advanced Powertrain R&D Expansion,"Invest in expanding R&D capabilities for next-generation vehicle powertrains and propulsion systems. This positions Magna to capture growing market share in advanced mobility but requires significant upfront investment with returns materializing over 2-3 years.",250,4,1,organic,Position for recovery,FALSE,2,3,FALSE,3%,,,150,,
grow-1-2,Grow,Enter New Geography / Market,Southeast Asia Market Entry,"Establish manufacturing presence in Thailand/Vietnam to serve growing ASEAN automotive market. Lower labor costs and proximity to emerging markets, but execution risk in new geography.",300,3,1,organic,Diversification pays off,TRUE,2,3,FALSE,2.5%,,,120,,
grow-1-3,Grow,Expand Manufacturing Footprint,Mexico Capacity Expansion,"Expand existing Mexican operations to increase capacity for North American OEMs. Nearshoring trend favors this investment with relatively predictable returns.",200,3,1,organic,Position for recovery,FALSE,1,2,FALSE,2%,,,80,,
grow-1-4,Grow,JV / Strategic Partnership,Battery Technology JV,"Form joint venture with battery cell manufacturer to secure supply and develop integrated battery systems. Strategic hedge against vertical integration by OEMs.",350,4,1,inorganic,Diversification pays off,FALSE,2,2,FALSE,3.5%,,,140,,
grow-1-5,Grow,Launch a New Business,Autonomous Driving Systems Unit,"Launch dedicated business unit for advanced driver assistance systems (ADAS) and autonomous driving technology. High potential but uncertain returns as technology evolves rapidly.",400,5,1,organic,Position for recovery,TRUE,2,3,FALSE,4%,,,180,,
grow-2-1,Grow,Acquire a Business,Bolt-on Sensor Acquisition,"Acquire small sensor technology company to enhance ADAS capabilities. Adds specialized engineering talent and IP. Integration risk exists but accelerates time-to-market.",280,3,2,inorganic,Balance sheet flexibility enables opportunism,FALSE,1,2,FALSE,1.5%,,,70,,
grow-2-2,Grow,Platform-Level Technology Bets,Software-Defined Vehicle Platform,"Develop modular software platform for next-gen vehicle architectures. Major bet on industry direction with potential for significant recurring revenue if adopted widely.",450,5,2,organic,Position for recovery,TRUE,2,3,FALSE,5%,,,200,,
grow-2-3,Grow,Expand Manufacturing Footprint,European Advanced Assembly Facility,"Build dedicated advanced vehicle assembly plant in Eastern Europe. Positions for European regulatory requirements and next-gen vehicle platforms. Significant investment with long payback period.",500,4,2,organic,Position for recovery,FALSE,2,3,FALSE,4%,,,160,,
grow-2-4,Grow,Expand Manufacturing Footprint,Diversified OEM Capacity Investment,"Invest in flexible manufacturing capacity additions across existing facilities to serve multiple OEM customers. Spreads investment across GM, Ford, Stellantis, and Toyota programs. Lower per-unit returns but diversified risk exposure. Requires more coordination but provides insurance against customer-specific disruptions.",200,3,2,organic,Diversification pays off,FALSE,1,2,FALSE,1.8%,,,80,oem_program_cancellation,
grow-2-5,Grow,Expand Manufacturing Footprint,Concentrated OEM Capacity Investment,"Major capacity investment dedicated to a single OEM's flagship vehicle program. The OEM has committed to unprecedented volumes and offered favorable terms for exclusive supply. Higher projected returns than diversified approach, with dedicated production lines and simpler logistics. A strategic bet on this OEM's success.",180,4,2,organic,Position for recovery,FALSE,1,1,FALSE,2.8%,,,120,,oem_program_cancellation
grow-3-1,Grow,Acquire a Business,Distressed Competitor Acquisition,"Opportunity to acquire struggling competitor at attractive valuation. Significant capacity and customer relationships, but integration complexity and some legacy issues.",600,5,3,inorganic,Balance sheet flexibility enables opportunism,TRUE,2,2,FALSE,8%,,,250,,
grow-3-2,Grow,JV / Strategic Partnership,Chinese OEM Partnership,"Strategic partnership with leading Chinese automotive manufacturer. Access to largest automotive growth market but geopolitical and IP concerns. High reward potential with elevated risk.",350,4,3,inorganic,Diversification pays off,TRUE,2,2,FALSE,5%,,,180,,
grow-3-3,Grow,Expand Manufacturing Footprint,North America Advanced Component Hub,"Consolidate and expand advanced component manufacturing in dedicated facility. Economies of scale but requires significant commitment during uncertain market conditions.",380,4,3,organic,Cash optionality matters,FALSE,2,2,FALSE,3.5%,,,140,,
grow-3-4,Grow,Launch a New Business,Vehicle-to-Grid Services Business,"Enter emerging V2G (vehicle-to-grid) services market. Early mover opportunity but market development highly uncertain. Could be transformational or premature.",200,3,3,organic,Position for recovery,TRUE,1,3,FALSE,1.5%,,,60,,
grow-3-5,Grow,Scale R&D for Next-Gen Portfolio,Solid-State Battery Research,"Invest in next-generation solid-state battery technology research. Could leapfrog current technology but commercialization timeline uncertain.",280,4,3,organic,Position for recovery,TRUE,2,3,FALSE,2.5%,,,120,,
grow-4-1,Grow,Acquire a Business,Opportunistic Acquisition - Premium Supplier,"Rare opportunity to acquire premium supplier at recession-driven valuation. Strong customer relationships and margins. Requires significant capital during challenging times.",700,5,4,inorganic,Balance sheet flexibility enables opportunism,FALSE,2,2,FALSE,7%,,,280,,
grow-4-2,Grow,Platform-Level Technology Bets,Modular Vehicle Platform,"Develop flexible modular platform that can underpin multiple vehicle types and powertrains. Major investment during downturn positions for recovery leadership.",550,5,4,organic,Position for recovery,FALSE,2,3,FALSE,6%,,,220,,
grow-4-3,Grow,Enter New Geography / Market,Middle East Manufacturing Partnership,"Partnership with Gulf state sovereign wealth fund for new manufacturing hub. Diversifies geographic exposure and provides capital, but execution complexity.",300,3,4,inorganic,Diversification pays off,FALSE,2,3,FALSE,2%,,,90,,
grow-4-4,Grow,JV / Strategic Partnership,Hydrogen Fuel Cell Alliance,"Join consortium developing hydrogen fuel cell technology for commercial vehicles. Hedges powertrain technology bets but requires ongoing investment with uncertain payoff timeline.",180,2,4,inorganic,Diversification pays off,TRUE,2,3,FALSE,1%,,,50,,
grow-4-5,Grow,Expand Manufacturing Footprint,Underutilized Capacity Purchase,"Purchase underutilized manufacturing facility from distressed competitor at significant discount. Ready infrastructure but requires investment to modernize.",250,3,4,inorganic,Balance sheet flexibility enables opportunism,FALSE,1,2,FALSE,2.5%,,,100,,
grow-5-1,Grow,Acquire a Business,Strategic Technology Acquisition,"Acquire emerging technology company with breakthrough thermal management system for advanced vehicles. Positions for next-generation vehicle requirements. Premium valuation as market recovers.",400,4,5,inorganic,Position for recovery,FALSE,1,2,FALSE,3%,,,130,,
grow-5-2,Grow,Scale R&D for Next-Gen Portfolio,Next-Gen ADAS Development,"Accelerate development of Level 4 autonomous driving capabilities. Recovery enables increased R&D spending. Positions for 2030s autonomous vehicle requirements.",350,4,5,organic,Position for recovery,FALSE,2,3,FALSE,4%,,,160,,
grow-5-3,Grow,Expand Manufacturing Footprint,Global Capacity Expansion Program,"Comprehensive capacity expansion across multiple regions to meet recovering demand. Significant investment but positions for sustainable growth trajectory.",600,5,5,organic,Position for recovery,FALSE,2,2,FALSE,6%,,,240,,
grow-5-4,Grow,Launch a New Business,Mobility Services Platform,"Launch platform to support fleet operators and mobility-as-a-service providers. Diversifies revenue model and creates recurring revenue streams.",250,3,5,organic,Diversification pays off,FALSE,1,2,FALSE,2%,,,80,,
grow-5-5,Grow,JV / Strategic Partnership,OEM Strategic Alliance,"Deep strategic partnership with major OEM for exclusive supply arrangements. Secures significant volume but concentration risk. Attractive terms as OEM seeks reliable supplier.",200,4,5,inorganic,Position for recovery,FALSE,1,1,FALSE,5%,,,200,,
optimize-1-1,Optimize,Factory of the Future,Smart Factory Pilot Program,"Implement Industry 4.0 technologies in flagship facility. IoT sensors, AI-driven quality control, and predictive maintenance. Proof of concept for broader rollout.",150,3,1,organic,Margin expansion > Growth,FALSE,1,2,FALSE,,-1%,,60,,
optimize-1-2,Optimize,SG&A Optimization,Shared Services Consolidation,"Consolidate back-office functions (finance, HR, IT) into regional shared services centers. Upfront investment yields ongoing cost savings.",80,2,1,organic,Margin expansion > Growth,FALSE,1,1,FALSE,,,-2%,40,,
optimize-1-3,Optimize,Global Supply Chain Redesign,Supplier Dual-Sourcing Initiative,"Establish secondary suppliers for critical components. Increases supply chain resilience and negotiating leverage. Small cost premium offset by risk reduction.",100,3,1,organic,Diversification pays off,FALSE,1,1,FALSE,,0.5%,,30,supply_chain_disruption,
optimize-1-4,Optimize,Enterprise Digital Transformation,ERP System Upgrade,"Upgrade enterprise resource planning system to modern cloud-based platform. Enables better data analytics and process automation.",120,2,1,organic,Margin expansion > Growth,FALSE,1,2,FALSE,,-0.5%,-1%,50,,
optimize-1-5,Optimize,Organizational Restructure,Management Delayering,"Remove one layer of middle management to improve decision speed and reduce overhead. Short-term disruption but lasting efficiency gains.",60,2,1,organic,Margin expansion > Growth,FALSE,1,1,FALSE,,,-1.5%,35,,
optimize-2-1,Optimize,Factory of the Future,Automation Expansion Program,"Expand robotic automation across manufacturing facilities. Higher upfront cost but significant labor cost reduction and quality improvement.",250,4,2,organic,Margin expansion > Growth,FALSE,2,2,FALSE,,-2%,,100,,
optimize-2-2,Optimize,Select Group Transformation,Underperforming Division Turnaround,"Comprehensive operational improvement program for underperforming business unit. New leadership, process redesign, and targeted investments.",180,3,2,organic,Margin expansion > Growth,FALSE,2,2,FALSE,,-1.5%,-1%,80,,
optimize-2-3,Optimize,Global Supply Chain Redesign,Logistics Network Optimization,"Redesign global logistics network to reduce transportation costs and improve delivery times. Consolidate warehouses and optimize routes.",140,3,2,organic,Margin expansion > Growth,FALSE,1,2,FALSE,,-1%,,55,,
optimize-2-4,Optimize,SG&A Optimization,Procurement Excellence Program,"Implement strategic sourcing and supplier management program. Leverage scale for better pricing and terms on indirect spend.",70,2,2,organic,Margin expansion > Growth,FALSE,1,1,FALSE,,-0.5%,-1%,45,,
optimize-2-5,Optimize,Enterprise Digital Transformation,Advanced Analytics Platform,"Deploy enterprise analytics platform to improve decision-making across operations. Predictive insights for demand planning, quality, and maintenance.",100,2,2,organic,Margin expansion > Growth,FALSE,1,2,FALSE,,-0.8%,-0.5%,50,,
optimize-3-1,Optimize,Divest Group,Non-Core Division Divestiture,"Divest underperforming non-core business unit. Generates cash and allows focus on strategic priorities. May face valuation pressure in current market.",30,3,3,inorganic,Cash optionality matters,FALSE,1,1,TRUE,-2%,,,350,,
optimize-3-2,Optimize,Factory of the Future,Energy Efficiency Program,"Comprehensive energy efficiency upgrades across facilities. LED lighting, smart HVAC, and energy recovery systems. Strong ROI with added ESG benefits.",120,3,3,organic,Margin expansion > Growth,FALSE,1,1,FALSE,,-1.2%,,55,,
optimize-3-3,Optimize,Organizational Restructure,Workforce Right-Sizing,"Reduce headcount through voluntary separation and selective layoffs in response to cost pressures. Immediate savings but risk of losing key talent.",100,4,3,organic,Cash optionality matters,FALSE,1,1,FALSE,,-1%,-2.5%,90,,
optimize-3-4,Optimize,Global Supply Chain Redesign,Inventory Optimization,"Implement advanced inventory management to reduce working capital requirements. Risk of stockouts during supply disruptions but significant cash release.",60,2,3,organic,Cash optionality matters,FALSE,1,1,FALSE,,-0.5%,,40,,
optimize-3-5,Optimize,Select Group Transformation,Plant Footprint Rationalization,"Close underutilized manufacturing facilities and consolidate production. Significant restructuring cost but lasting margin improvement.",200,4,3,organic,Margin expansion > Growth,FALSE,2,2,FALSE,,-2.5%,,120,,
optimize-4-1,Optimize,Divest Group,Strategic Asset Sale,"Sell non-strategic real estate and equipment at recession-impacted valuations. Generates needed liquidity but may sell below intrinsic value.",20,2,4,inorganic,Cash optionality matters,FALSE,1,1,TRUE,,,,200,,
optimize-4-2,Optimize,Organizational Restructure,Deep Cost Restructuring,"Aggressive cost reduction program across all functions. Difficult decisions but necessary for survival in prolonged downturn. Risk of capability damage.",150,5,4,organic,Cash optionality matters,TRUE,1,1,FALSE,,-2%,-4%,150,,
optimize-4-3,Optimize,SG&A Optimization,Working from Home Optimization,"Make remote work permanent for applicable roles. Reduce office space and associated costs. Maintains productivity while cutting real estate expenses.",40,2,4,organic,Margin expansion > Growth,FALSE,1,1,FALSE,,,-1.5%,35,,
optimize-4-4,Optimize,Global Supply Chain Redesign,Supplier Renegotiation Program,"Leverage recession conditions to renegotiate supplier contracts. Risk of supplier relationship damage but significant cost reduction opportunity.",30,3,4,organic,Margin expansion > Growth,FALSE,1,1,FALSE,,-1.5%,,60,,
optimize-4-5,Optimize,Enterprise Digital Transformation,Process Automation Acceleration,"Accelerate robotic process automation for administrative tasks. Reduced headcount needs align with downturn-driven workforce reduction.",80,2,4,organic,Margin expansion > Growth,FALSE,1,1,FALSE,,,-1.2%,45,,
optimize-5-1,Optimize,Factory of the Future,Full Smart Factory Rollout,"Expand proven smart factory technologies across global manufacturing footprint. Recovery positions for investment. Strong ROI from scale.",300,4,5,organic,Margin expansion > Growth,FALSE,2,2,FALSE,,-2.5%,,130,,
optimize-5-2,Optimize,Select Group Transformation,Business Unit Integration,"Consolidate related business units for synergies and simplified structure. Restructuring costs but significant ongoing savings from eliminated redundancies.",160,3,5,organic,Margin expansion > Growth,FALSE,1,2,FALSE,,-1%,-1.5%,85,,
optimize-5-3,Optimize,SG&A Optimization,Sales Force Effectiveness,"Restructure sales organization with CRM tools and analytics. Improve customer coverage while reducing headcount. Better data-driven account management.",90,2,5,organic,Margin expansion > Growth,FALSE,1,1,FALSE,,,-1%,40,,
optimize-5-4,Optimize,Global Supply Chain Redesign,Near-Shoring Initiative,"Shift supply chain closer to end markets. Higher unit costs offset by reduced logistics, inventory, and disruption risk. Resilience investment.",200,3,5,organic,Diversification pays off,FALSE,2,2,FALSE,,0.5%,,50,supply_chain_disruption,
optimize-5-5,Optimize,Enterprise Digital Transformation,AI Operations Platform,"Deploy AI-powered operations management platform. Advanced demand forecasting, production scheduling, and quality prediction. Next-level efficiency.",180,3,5,organic,Margin expansion > Growth,FALSE,1,2,FALSE,,-1.5%,-0.8%,75,,
sustain-1-1,Sustain,Risk & Compliance Upgrade,Cybersecurity Enhancement,"Comprehensive cybersecurity upgrade across IT infrastructure. Essential protection against growing cyber threats. No direct return but prevents catastrophic risk.",80,2,1,organic,Diversification pays off,FALSE,1,1,FALSE,,,,0,cyber_attack,
sustain-1-2,Sustain,Talent & Leadership Upskilling,Technical Talent Development,"Investment in training and development for engineering workforce. Essential to maintain competitive capabilities. Retention and capability building.",60,2,1,organic,Position for recovery,FALSE,1,2,FALSE,,,,20,,
sustain-1-3,Sustain,Capital allocation strategy (maintenance),Equipment Refresh Program,"Scheduled replacement of aging manufacturing equipment. Maintains reliability and quality. Deferred investment risks production disruptions.",150,3,1,organic,Cash optionality matters,FALSE,1,1,FALSE,,,,25,equipment_failure,
sustain-1-4,Sustain,Risk & Compliance Upgrade,Environmental Compliance Investment,"Proactive investment to meet upcoming environmental regulations. Mandatory compliance but early investment avoids rushed future spending.",100,2,1,organic,Diversification pays off,FALSE,1,1,FALSE,,,,15,regulatory_penalty,
sustain-1-5,Sustain,Portfolio management (maintenance),Customer Diversification Initiative,"Sales effort to reduce concentration with top customers. Protects against customer-specific disruptions. Investment in sales coverage and relationship building.",50,2,1,organic,Diversification pays off,FALSE,1,2,FALSE,,,,30,key_customer_loss,
sustain-2-1,Sustain,Talent & Leadership Upskilling,Leadership Development Program,"Comprehensive leadership development for high-potential managers. Builds succession pipeline and organizational capability. Long-term investment in human capital.",70,2,2,organic,Position for recovery,FALSE,1,2,FALSE,,,,25,,
sustain-2-2,Sustain,Risk & Compliance Upgrade,Quality Management System Upgrade,"Upgrade quality management systems to meet evolving OEM requirements. Essential for maintaining key customer relationships. Prevents costly quality escapes.",90,2,2,organic,Diversification pays off,FALSE,1,1,FALSE,,,,20,quality_failure,
sustain-2-3,Sustain,Capital allocation strategy (maintenance),IT Infrastructure Modernization,"Update core IT systems and infrastructure. Addresses technical debt and security vulnerabilities. Foundational investment enabling future digital initiatives.",110,2,2,organic,Cash optionality matters,FALSE,1,1,FALSE,,,,30,system_failure,
sustain-2-4,Sustain,Portfolio management (maintenance),Supplier Relationship Investment,"Strengthen relationships with strategic suppliers through joint development and long-term agreements. Improves supply security and preferential allocation.",40,2,2,organic,Diversification pays off,FALSE,1,1,FALSE,,,,20,supply_chain_disruption,
sustain-2-5,Sustain,Risk & Compliance Upgrade,Health & Safety Investment,"Enhanced workplace safety equipment and training programs. Essential for employee welfare and regulatory compliance. Reduces accident-related costs.",55,1,2,organic,Cash optionality matters,FALSE,1,1,FALSE,,,,15,safety_incident,
sustain-3-1,Sustain,Capital allocation strategy (maintenance),Critical Equipment Maintenance,"Essential maintenance program for production-critical equipment. Tempting to defer during cost pressure but failure would be catastrophic.",120,3,3,organic,Cash optionality matters,FALSE,1,1,FALSE,,,,30,equipment_failure,
sustain-3-2,Sustain,Talent & Leadership Upskilling,Key Talent Retention Program,"Targeted retention incentives for critical technical and leadership talent. Important to maintain during cost pressures when competitors may poach.",80,3,3,organic,Position for recovery,FALSE,1,1,FALSE,,,,25,talent_loss,
sustain-3-3,Sustain,Risk & Compliance Upgrade,Business Continuity Enhancement,"Strengthen business continuity planning and backup capabilities. Particularly important as risks increase during economic uncertainty.",65,2,3,organic,Diversification pays off,FALSE,1,1,FALSE,,,,15,business_disruption,
sustain-3-4,Sustain,Portfolio management (maintenance),Contract Renewal Defense,"Proactive customer engagement to secure contract renewals during competitive environment. Prevents revenue loss from customer defection.",45,2,3,organic,Diversification pays off,FALSE,1,1,FALSE,,,,35,key_customer_loss,
sustain-3-5,Sustain,Risk & Compliance Upgrade,Insurance Coverage Upgrade,"Enhance insurance coverage for key operational and financial risks. Higher premiums but better protection against tail risks during uncertain times.",35,1,3,organic,Cash optionality matters,FALSE,1,1,FALSE,,,,10,catastrophic_loss,
sustain-4-1,Sustain,Capital allocation strategy (maintenance),Minimum Viable Maintenance,"Bare minimum maintenance investment to keep operations running. Risk of equipment failure but preserves cash during severe downturn.",80,2,4,organic,Cash optionality matters,TRUE,1,1,FALSE,,,,15,equipment_failure,
sustain-4-2,Sustain,Talent & Leadership Upskilling,Core Team Preservation,"Investment to retain absolutely critical talent through recession. Skeletal but essential team for recovery. Others may be rehired post-downturn.",60,3,4,organic,Position for recovery,FALSE,1,1,FALSE,,,,20,talent_loss,
sustain-4-3,Sustain,Risk & Compliance Upgrade,Regulatory Compliance Baseline,"Minimum investment to maintain regulatory compliance. Cannot be deferred regardless of economic conditions. Non-discretionary.",70,2,4,organic,Cash optionality matters,FALSE,1,1,FALSE,,,,10,regulatory_penalty,
sustain-4-4,Sustain,Portfolio management (maintenance),Customer Relationship Triage,"Focus relationship investment on most strategic customers. Accept some customer attrition to preserve resources for highest-value relationships.",30,2,4,organic,Diversification pays off,FALSE,1,1,FALSE,,,,25,key_customer_loss,
sustain-4-5,Sustain,Risk & Compliance Upgrade,Financial Risk Management,"Enhanced treasury and financial risk management during volatile conditions. Hedge exposures and manage liquidity carefully.",25,2,4,organic,Cash optionality matters,FALSE,1,1,FALSE,,,,15,financial_risk,
sustain-5-1,Sustain,Capital allocation strategy (maintenance),Deferred Maintenance Catch-Up,"Address deferred maintenance from recession period. Essential to restore equipment reliability for recovery. May require higher spend than normal.",180,3,5,organic,Position for recovery,FALSE,1,1,FALSE,,,,40,equipment_failure,
sustain-5-2,Sustain,Talent & Leadership Upskilling,Workforce Rebuilding Program,"Rehire and retrain workforce for recovery volumes. Compete for talent returning to job market. Investment in recruiting and onboarding.",100,3,5,organic,Position for recovery,FALSE,1,2,FALSE,,,,35,,
sustain-5-3,Sustain,Risk & Compliance Upgrade,ESG & Sustainability Investment,"Comprehensive ESG program to meet growing stakeholder expectations. Carbon reduction, sustainable materials, and governance enhancement.",120,2,5,organic,Diversification pays off,FALSE,1,2,FALSE,,,,30,esg_risk,
sustain-5-4,Sustain,Portfolio management (maintenance),Customer Win-Back Program,"Re-engage customers lost during recession. Competitive offers and service improvements to rebuild market position.",75,2,5,organic,Position for recovery,FALSE,1,1,FALSE,1%,,,45,,
sustain-5-5,Sustain,Risk & Compliance Upgrade,Post-Crisis Risk Assessment,"Comprehensive review and update of risk management framework based on lessons learned. Prepare for next downturn while positioned for recovery.",40,1,5,organic,Diversification pays off,FALSE,1,1,FALSE,,,,20,business_disruption,
